<?xml version="1.0" encoding="UTF-8"?>
<Root VersionMajor="1" VersionMinor="15">
  <GenAppInfo Name="Vivado" Version="2021.1_AR000033086_AR000033086_AR000033086" CL="3247384" TimeStamp="Mon Oct 30 22:07:44 2023"/>
  <DSA Vendor="xilinx" BoardId="zc702" Name="" VersionMajor="0" VersionMinor="0" Description="Vivado generated Hardware Platform" FeatureRomTimestamp="0" DcpLogicFunctionStripped="false" DcpEncrypt="false" Unified="true" Fixed="true" DefaultOutputType="hw_export">
    <Build UsesPR="false" PlatformState="pre_synth" AcceleratorBinaryContent="bitstream" ValidBinaryContentValues="dcp,bitstream" TopModuleName="design_1_wrapper"/>
    <Board Name="xilinx.com:zc702:1.4" Vendor="xilinx.com" Part="xc7z020clg484-1" BoardPart="xilinx.com:zc702:part0:1.4">
      <Images>
        <Img Type="HDPI" File="zc702_board.jpg"/>
        <Img Type="MDPI" File=""/>
        <Img Type="LDPI" File=""/>
      </Images>
    </Board>
    <Devices>
      <Device Name="fpga0" Type="8" FpgaDevice="zynq:xc7z020:clg484:-1">
        <Core Name="OCL_REGION_0" Type="clc_region" ComputeUnits="60"/>
      </Device>
    </Devices>
    <Files>
      <File Type="FULL_BIT" Name="design_1_wrapper6.bit"/>
    </Files>
  </DSA>
</Root>
