{
  "version": "2021.1",
  "applications": [],
  "platforms": [
    {
      "name": "ZC702_Xilinx_Mixer"
    }
  ],
  "systems": [
    {
      "name": "xv_mix_example_7_system",
      "platform": "C:/Users/User/Desktop/AXI_Vitis_211/ZC702_Xilinx_Mixer/export/ZC702_Xilinx_Mixer/ZC702_Xilinx_Mixer.xpfm",
      "sysConfig": "ZC702_Xilinx_Mixer",
      "buildConfig": "Debug",
      "applications": [
        {
          "name": "xv_mix_example_7",
          "platform": "C:/Users/User/Desktop/AXI_Vitis_211/ZC702_Xilinx_Mixer/export/ZC702_Xilinx_Mixer/ZC702_Xilinx_Mixer.xpfm",
          "platformPath": "C:\\Users\\User\\Desktop\\AXI_Vitis_211\\ZC702_Xilinx_Mixer\\export\\ZC702_Xilinx_Mixer",
          "sysConfig": "ZC702_Xilinx_Mixer",
          "domain": "standalone_domain",
          "system": "xv_mix_example_7_system"
        }
      ],
      "platformPath": "C:\\Users\\User\\Desktop\\AXI_Vitis_211\\ZC702_Xilinx_Mixer\\export\\ZC702_Xilinx_Mixer"
    }
  ],
  "others": []
}